diretorio,modelo,preditor,n,sim_ticks,sim_insts,ipc,lookups_total,cond_incorrect,direct_cond,squashed_issued,squashed_examined,decode_squashed,clk_ticks,l1d_misses,l1d_miss_rate,miss_rate,clk_ghz
outorder_BiModeBP_n256,outorder,BiModeBP,256,265676000.0,749327.0,2.820444,284789.0,7121.0,202393.0,1181.0,168351.0,3691.0,1000.0,2888.0,0.010813,3.5184,1.0
outorder_BiModeBP_n256,outorder,BiModeBP,256,83798000.0,743982.0,2.219563,284017.0,7192.0,202207.0,1129.0,168881.0,3649.0,250.0,4587.0,0.017313,3.5568,4.0
outorder_BiModeBP_n256,outorder,BiModeBP,256,103586310.0,747971.0,2.404503,284272.0,7160.0,202321.0,1206.0,167193.0,3694.0,333.0,3620.0,0.01357,3.5389,3.0
outorder_BiModeBP_n512,outorder,BiModeBP,512,496639000.0,1401227.0,2.821414,566160.0,15244.0,398675.0,2227.0,350564.0,5375.0,1000.0,2911.0,0.005542,3.8237,1.0
outorder_BiModeBP_n512,outorder,BiModeBP,512,139243250.0,1390865.0,2.497181,550875.0,14379.0,390848.0,2075.0,336245.0,5345.0,250.0,4610.0,0.008896,3.6789,4.0
outorder_BiModeBP_n512,outorder,BiModeBP,512,174137688.0,1376169.0,2.631615,543161.0,13997.0,384964.0,1777.0,328826.0,5379.0,333.0,3631.0,0.007107,3.6359,3.0
outorder_BiModeBP_n1024,outorder,BiModeBP,1024,967726000.0,2708048.0,2.798359,1144643.0,30881.0,797919.0,4400.0,755644.0,8787.0,1000.0,4507.0,0.00432,3.8702,1.0
outorder_BiModeBP_n1024,outorder,BiModeBP,1024,256507250.0,2699805.0,2.631312,1140357.0,29719.0,792988.0,4268.0,755145.0,8754.0,250.0,6106.0,0.005899,3.7477,4.0
outorder_BiModeBP_n1024,outorder,BiModeBP,1024,333642690.0,2690805.0,2.685619,1134958.0,30345.0,792061.0,4296.0,743867.0,8766.0,333.0,5187.0,0.005017,3.8311,3.0
outorder_BiModeBP_n2048,outorder,BiModeBP,2048,2030589000.0,5388066.0,2.653449,2463777.0,65532.0,1682143.0,9589.0,1812850.0,15546.0,1000.0,17331.0,0.008176,3.8957,1.0
outorder_BiModeBP_n2048,outorder,BiModeBP,2048,526101250.0,5358740.0,2.546438,2454579.0,66186.0,1680006.0,9102.0,1810555.0,15556.0,250.0,18992.0,0.009004,3.9396,4.0
outorder_BiModeBP_n2048,outorder,BiModeBP,2048,694327644.0,5368202.0,2.574592,2457660.0,66848.0,1683734.0,9151.0,1798315.0,15554.0,333.0,17630.0,0.008342,3.9702,3.0
outorder_BiModeBP_n4096,outorder,BiModeBP,4096,4279079000.0,10779704.0,2.519164,5308366.0,142198.0,3586226.0,19277.0,4206598.0,29141.0,1000.0,52314.0,0.012178,3.9651,1.0
outorder_BiModeBP_n4096,outorder,BiModeBP,4096,1093096000.0,10778852.0,2.465211,5303157.0,144036.0,3592903.0,18864.0,4176845.0,29128.0,250.0,54257.0,0.012597,4.0089,4.0
outorder_BiModeBP_n4096,outorder,BiModeBP,4096,1412223696.0,10615538.0,2.503126,5161450.0,139109.0,3518981.0,17930.0,4064197.0,29167.0,333.0,53591.0,0.012668,3.9531,3.0
outorder_BiModeBP_n8192,outorder,BiModeBP,8192,9182399000.0,21766293.0,2.370436,11441941.0,303179.0,7667300.0,41739.0,9517959.0,56278.0,1000.0,148125.0,0.016879,3.9542,1.0
outorder_BiModeBP_n8192,outorder,BiModeBP,8192,2445867500.0,21936311.0,2.242181,11543266.0,309898.0,7715170.0,36073.0,9567027.0,56201.0,250.0,147509.0,0.01662,4.0167,4.0
outorder_BiModeBP_n8192,outorder,BiModeBP,8192,3221075367.0,22189665.0,2.294003,11596630.0,308823.0,7749536.0,43315.0,9543138.0,56191.0,333.0,146533.0,0.016346,3.9851,3.0
outorder_BiModeBP_n16384,outorder,BiModeBP,16384,22944202000.0,43616672.0,1.900989,23966523.0,636133.0,16055847.0,75487.0,20451157.0,110445.0,1000.0,374158.0,0.021131,3.962,1.0
outorder_BiModeBP_n16384,outorder,BiModeBP,16384,8508263250.0,43921518.0,1.290555,24524917.0,653603.0,16363575.0,75345.0,21229443.0,110372.0,250.0,384370.0,0.021527,3.9943,4.0
outorder_BiModeBP_n16384,outorder,BiModeBP,16384,10125777753.0,44249739.0,1.455213,24736032.0,651192.0,16435613.0,80903.0,21259795.0,110380.0,333.0,380816.0,0.021158,3.9621,3.0
outorder_BiModeBP_n32768,outorder,BiModeBP,32768,53900260000.0,88940995.0,1.650103,52620352.0,1380903.0,34819106.0,150120.0,46564519.0,218857.0,1000.0,942522.0,0.025907,3.9659,1.0
outorder_BiModeBP_n32768,outorder,BiModeBP,32768,22351022000.0,88636385.0,0.991413,52526819.0,1359889.0,34738326.0,148355.0,46987341.0,218574.0,250.0,941738.0,0.026018,3.9147,4.0
outorder_BiModeBP_n32768,outorder,BiModeBP,32768,25917886503.0,89230532.0,1.146458,52572971.0,1374093.0,34894438.0,151626.0,46418680.0,218564.0,333.0,943315.0,0.025897,3.9379,3.0
outorder_BiModeBP_n65536,outorder,BiModeBP,65536,121837118000.0,179951474.0,1.476984,111181311.0,2886760.0,73574407.0,308034.0,100611169.0,435583.0,1000.0,2220929.0,0.03005,3.9236,1.0
outorder_BiModeBP_n65536,outorder,BiModeBP,65536,54978603500.0,179522158.0,0.816327,110224541.0,2819462.0,72824878.0,310151.0,98998896.0,435125.0,250.0,2213070.0,0.030118,3.8716,4.0
outorder_BiModeBP_n65536,outorder,BiModeBP,65536,62619889095.0,181903375.0,0.967326,112362889.0,2890082.0,74245390.0,341187.0,101412479.0,435307.0,333.0,2224296.0,0.029792,3.8926,3.0
outorder_BiModeBP_n131072,outorder,BiModeBP,131072,274387054000.0,369045467.0,1.344981,241784376.0,6137104.0,158272760.0,752520.0,223911495.0,869206.0,1000.0,5173554.0,0.033958,3.8775,1.0
outorder_BiModeBP_n131072,outorder,BiModeBP,131072,131188082750.0,366472553.0,0.698372,238749144.0,6095737.0,156908894.0,718482.0,220760453.0,868472.0,250.0,5170534.0,0.034194,3.8849,4.0
outorder_BiModeBP_n131072,outorder,BiModeBP,131072,146609117127.0,367203135.0,0.834045,238028583.0,6087508.0,156597010.0,703664.0,218999269.0,868532.0,333.0,5105720.0,0.033683,3.8874,3.0
outorder_BiModeBP_n262144,outorder,BiModeBP,262144,607861661000.0,752711502.0,1.238294,514017628.0,13122901.0,336201519.0,1745531.0,482656278.0,1736176.0,1000.0,11650072.0,0.037219,3.9033,1.0
outorder_BiModeBP_n262144,outorder,BiModeBP,262144,302553803500.0,744512357.0,0.61519,504646361.0,12751236.0,330488031.0,1598869.0,473008603.0,1735013.0,250.0,11619895.0,0.037687,3.8583,4.0
outorder_BiModeBP_n262144,outorder,BiModeBP,262144,338488258581.0,759683499.0,0.747366,524517396.0,13310374.0,340649044.0,1916935.0,495052917.0,1735962.0,333.0,11679941.0,0.036933,3.9074,3.0
outorder_BiModeBP_n524288,outorder,BiModeBP,524288,1318287179000.0,1516589135.0,1.150424,1072489359.0,26943936.0,699554077.0,3754191.0,1023059343.0,3469876.0,1000.0,25944617.0,0.041075,3.8516,1.0
outorder_BiModeBP_n524288,outorder,BiModeBP,524288,686022747750.0,1528740742.0,0.557103,1079763098.0,27403731.0,705348295.0,4043108.0,1029471318.0,3470102.0,250.0,26030977.0,0.040789,3.8851,4.0
outorder_BiModeBP_n524288,outorder,BiModeBP,524288,749183477256.0,1497727236.0,0.665716,1054041359.0,26314462.0,689721633.0,3196051.0,1003434122.0,3467954.0,333.0,25895783.0,0.041618,3.8152,3.0
outorder_BiModeBP_n1048576,outorder,BiModeBP,1048576,2841161102000.0,3051564928.0,1.074056,2246644880.0,56029052.0,1462267131.0,7793418.0,2175157049.0,6938279.0,1000.0,57445814.0,0.045027,3.8317,1.0
outorder_BiModeBP_n1048576,outorder,BiModeBP,1048576,1525364046250.0,3080435794.0,0.504869,2261461877.0,56534762.0,1471889800.0,8699009.0,2186812689.0,6939060.0,250.0,57035361.0,0.044257,3.841,4.0
outorder_BiModeBP_n1048576,outorder,BiModeBP,1048576,1668277727325.0,3085599188.0,0.615907,2258226137.0,56893414.0,1471803416.0,8803876.0,2178449111.0,6939015.0,333.0,57159166.0,0.044224,3.8656,3.0
outorder_LocalBP_n256,outorder,LocalBP,256,307871000.0,749327.0,2.433891,344716.0,11304.0,244079.0,2337.0,276495.0,3440.0,1000.0,2887.0,0.010428,4.6313,1.0
outorder_LocalBP_n256,outorder,LocalBP,256,93051000.0,743982.0,1.99885,337116.0,11050.0,239945.0,2330.0,269697.0,3433.0,250.0,3792.0,0.013838,4.6052,4.0
outorder_LocalBP_n256,outorder,LocalBP,256,116069481.0,747971.0,2.145901,335244.0,10933.0,238533.0,2315.0,263910.0,3442.0,333.0,3486.0,0.012639,4.5834,3.0
outorder_LocalBP_n512,outorder,LocalBP,512,573465000.0,1401227.0,2.443435,669653.0,22569.0,470195.0,4552.0,550449.0,5145.0,1000.0,2901.0,0.005336,4.7999,1.0
outorder_LocalBP_n512,outorder,LocalBP,512,158134000.0,1390865.0,2.198867,655657.0,21801.0,463061.0,4655.0,535524.0,5125.0,250.0,3812.0,0.007111,4.708,4.0
outorder_LocalBP_n512,outorder,LocalBP,512,197464005.0,1376169.0,2.320745,636344.0,20774.0,451056.0,4261.0,515593.0,5132.0,333.0,3493.0,0.00663,4.6056,3.0
outorder_LocalBP_n1024,outorder,LocalBP,1024,1125037000.0,2708048.0,2.407072,1352846.0,45839.0,939319.0,8778.0,1154189.0,8533.0,1000.0,4398.0,0.004069,4.88,1.0
outorder_LocalBP_n1024,outorder,LocalBP,1024,291564000.0,2699805.0,2.314931,1336811.0,43015.0,927015.0,8960.0,1153833.0,8524.0,250.0,5245.0,0.004912,4.6402,4.0
outorder_LocalBP_n1024,outorder,LocalBP,1024,379532754.0,2690805.0,2.360896,1316527.0,43175.0,917478.0,8813.0,1120409.0,8520.0,333.0,4944.0,0.004641,4.7058,3.0
outorder_LocalBP_n2048,outorder,LocalBP,2048,2360197000.0,5388066.0,2.282887,2920417.0,96889.0,1988640.0,17928.0,2682813.0,15332.0,1000.0,16606.0,0.007548,4.8721,1.0
outorder_LocalBP_n2048,outorder,LocalBP,2048,596683750.0,5358740.0,2.245217,2817691.0,92748.0,1929336.0,17962.0,2562953.0,15292.0,250.0,17513.0,0.00805,4.8072,4.0
outorder_LocalBP_n2048,outorder,LocalBP,2048,792851022.0,5368202.0,2.254661,2852081.0,94762.0,1952494.0,18041.0,2599562.0,15312.0,333.0,16784.0,0.00769,4.8534,3.0
outorder_LocalBP_n4096,outorder,LocalBP,4096,4845710000.0,10779704.0,2.224587,6123869.0,195330.0,4135559.0,36312.0,5853723.0,28897.0,1000.0,50033.0,0.011282,4.7232,1.0
outorder_LocalBP_n4096,outorder,LocalBP,4096,1235551250.0,10778852.0,2.18098,6127479.0,197709.0,4140784.0,36128.0,5830777.0,28888.0,250.0,51194.0,0.01152,4.7747,4.0
outorder_LocalBP_n4096,outorder,LocalBP,4096,1584328419.0,10615538.0,2.231213,5827298.0,186372.0,3971233.0,35798.0,5498070.0,28943.0,333.0,50675.0,0.011685,4.6931,3.0
outorder_LocalBP_n8192,outorder,LocalBP,8192,10385377000.0,21766293.0,2.095859,13046317.0,415920.0,8746373.0,72632.0,12712012.0,56048.0,1000.0,141699.0,0.015628,4.7553,1.0
outorder_LocalBP_n8192,outorder,LocalBP,8192,2752022500.0,21936311.0,1.992744,13326075.0,423991.0,8902910.0,73607.0,13040256.0,55972.0,250.0,140978.0,0.015383,4.7624,4.0
outorder_LocalBP_n8192,outorder,LocalBP,8192,3681305343.0,22189665.0,2.007211,13434783.0,439294.0,8983187.0,73829.0,13006970.0,55991.0,333.0,141710.0,0.015199,4.8902,3.0
outorder_LocalBP_n16384,outorder,LocalBP,16384,25168116000.0,43616672.0,1.733013,27080104.0,840512.0,18113693.0,147044.0,26763955.0,110229.0,1000.0,363347.0,0.019939,4.6402,1.0
outorder_LocalBP_n16384,outorder,LocalBP,16384,9073007000.0,43921518.0,1.210225,27812390.0,868772.0,18525938.0,147432.0,27578650.0,110145.0,250.0,371434.0,0.020149,4.6895,4.0
outorder_LocalBP_n16384,outorder,LocalBP,16384,10938736647.0,44249739.0,1.347063,28161869.0,880805.0,18722124.0,149198.0,27944154.0,110154.0,333.0,368007.0,0.019766,4.7046,3.0
outorder_LocalBP_n32768,outorder,LocalBP,32768,58052731000.0,88940995.0,1.532073,58484001.0,1767197.0,38763117.0,296808.0,58703767.0,218595.0,1000.0,909205.0,0.024292,4.559,1.0
outorder_LocalBP_n32768,outorder,LocalBP,32768,23391242500.0,88636385.0,0.947324,58134370.0,1738654.0,38573463.0,294662.0,58495668.0,218333.0,250.0,916172.0,0.024626,4.5074,4.0
outorder_LocalBP_n32768,outorder,LocalBP,32768,27525270843.0,89230532.0,1.079509,59304268.0,1821973.0,39335550.0,298113.0,59559333.0,218329.0,333.0,910623.0,0.024143,4.6319,3.0
outorder_LocalBP_n65536,outorder,LocalBP,65536,130506932000.0,179951474.0,1.378865,123421269.0,3701891.0,81740970.0,597570.0,125000626.0,435342.0,1000.0,2163281.0,0.028389,4.5288,1.0
outorder_LocalBP_n65536,outorder,LocalBP,65536,57332249750.0,179522158.0,0.782815,123249025.0,3671306.0,81558900.0,590200.0,125194609.0,434835.0,250.0,2160382.0,0.028453,4.5014,4.0
outorder_LocalBP_n65536,outorder,LocalBP,65536,65971503126.0,181903375.0,0.918182,127548543.0,3812823.0,83986971.0,598910.0,129969236.0,434962.0,333.0,2152981.0,0.02783,4.5398,3.0
outorder_LocalBP_n131072,outorder,LocalBP,131072,293665606000.0,369045467.0,1.256686,270227897.0,7961443.0,177272273.0,1209732.0,277855547.0,868793.0,1000.0,5041609.0,0.031945,4.4911,1.0
outorder_LocalBP_n131072,outorder,LocalBP,131072,135913871250.0,366472553.0,0.67409,265106413.0,7798808.0,174452374.0,1191204.0,272157742.0,868135.0,250.0,5034667.0,0.032217,4.4705,4.0
outorder_LocalBP_n131072,outorder,LocalBP,131072,152988474051.0,367203135.0,0.799267,264510079.0,7802739.0,174096653.0,1201909.0,270887169.0,868176.0,333.0,4980065.0,0.031804,4.4818,3.0
outorder_LocalBP_n262144,outorder,LocalBP,262144,646815166000.0,752711502.0,1.16372,568453300.0,16816146.0,372676743.0,2455271.0,586076345.0,1735632.0,1000.0,11418126.0,0.035201,4.5123,1.0
outorder_LocalBP_n262144,outorder,LocalBP,262144,312190728000.0,744512357.0,0.5962,557450893.0,16244955.0,365922928.0,2383945.0,575445114.0,1734553.0,250.0,11369530.0,0.035633,4.4394,4.0
outorder_LocalBP_n262144,outorder,LocalBP,262144,351887682411.0,759683499.0,0.718907,585099537.0,16947689.0,381081715.0,2451238.0,608018275.0,1735431.0,333.0,11428159.0,0.034872,4.4473,3.0
outorder_LocalBP_n524288,outorder,LocalBP,524288,1390407298000.0,1516589135.0,1.090752,1186190057.0,33606100.0,774582380.0,4935669.0,1241063042.0,3469466.0,1000.0,25461016.0,0.039015,4.3386,1.0
outorder_LocalBP_n524288,outorder,LocalBP,524288,707087095000.0,1528740742.0,0.540507,1201830152.0,35023881.0,785272249.0,4866744.0,1250651785.0,3469478.0,250.0,25598778.0,0.038637,4.4601,4.0
outorder_LocalBP_n524288,outorder,LocalBP,524288,773808659091.0,1497727236.0,0.64453,1157313413.0,32791053.0,758308417.0,4844075.0,1207351963.0,3467217.0,333.0,25508296.0,0.039738,4.3242,3.0
outorder_LocalBP_n1048576,outorder,LocalBP,1048576,2975773383000.0,3051564928.0,1.02547,2433172177.0,68040571.0,1589791479.0,9905464.0,2553210645.0,6936984.0,1000.0,56418780.0,0.042936,4.2798,1.0
outorder_LocalBP_n1048576,outorder,LocalBP,1048576,1563017130500.0,3080435794.0,0.492707,2478170501.0,69731085.0,1615157604.0,9753841.0,2600453011.0,6937741.0,250.0,56120107.0,0.042118,4.3173,4.0
outorder_LocalBP_n1048576,outorder,LocalBP,1048576,1721439660843.0,3085599188.0,0.596887,2481397583.0,71111601.0,1618693132.0,9924584.0,2593120876.0,6937990.0,333.0,56049209.0,0.041859,4.3931,3.0
